{
  "fullName": "UltimateKEYS - 2019-04-22",
  "name": "ultkeys",
  "copyright": "(c) 2019",
  "company": "GNU General Public License Version 3",
  "localeId": "00000409",
  "version": "1.0",
  "shiftlevels": [ "None", "Shift", "Control", "Alt+Control", "Shift+Alt+Control" ],
  "keys": [
    { "pos": "1", "shortcutPos": "1", "letters": [ "1", "!", "", "¡", "¹" ], "capslock": false },
    { "pos": "2", "shortcutPos": "2", "letters": [ "2", "@", "", "ª", "²" ], "capslock": false },
    { "pos": "3", "shortcutPos": "3", "letters": [ "3", "#", "", "º", "³" ], "capslock": false },
    { "pos": "4", "shortcutPos": "4", "letters": [ "4", "$", "", "£", "¥" ], "capslock": false },
    { "pos": "5", "shortcutPos": "5", "letters": [ "5", "%", "", "€", "¢" ], "capslock": false },
    { "pos": "6", "shortcutPos": "6", "letters": [ "6", "^", "", "cdk:^", "cdk:ˇ" ], "capslock": false },
    { "pos": "7", "shortcutPos": "7", "letters": [ "7", "&", "", "cdk:˚", "cdk:¯" ], "capslock": false },
    { "pos": "8", "shortcutPos": "8", "letters": [ "8", "*", "", "„", "‚" ], "capslock": false },
    { "pos": "9", "shortcutPos": "9", "letters": [ "9", "(", "", "“", "‘" ], "capslock": false },
    { "pos": "0", "shortcutPos": "0", "letters": [ "0", ")", "", "”", "’" ], "capslock": false },
    { "pos": "-", "shortcutPos": "-", "letters": [ "-", "_", "", "✓", "✗" ], "capslock": false },
    { "pos": "+", "shortcutPos": "+", "letters": [ "=", "+", "", "×", "÷" ], "capslock": false },
    { "pos": "Q", "shortcutPos": "Q", "letters": [ "q", "Q", "", "æ", "Æ" ], "capslock": true },
    { "pos": "W", "shortcutPos": "W", "letters": [ "w", "W", "", "å", "Å" ], "capslock": true },
    { "pos": "E", "shortcutPos": "E", "letters": [ "e", "E", "", "ë", "Ë" ], "capslock": true },
    { "pos": "R", "shortcutPos": "R", "letters": [ "r", "R", "", "ý", "Ý" ], "capslock": true },
    { "pos": "T", "shortcutPos": "T", "letters": [ "t", "T", "", "þ", "Þ" ], "capslock": true },
    { "pos": "Y", "shortcutPos": "Y", "letters": [ "y", "Y", "", "ÿ", "Ÿ" ], "capslock": true },
    { "pos": "U", "shortcutPos": "U", "letters": [ "u", "U", "", "ü", "Ü" ], "capslock": true },
    { "pos": "I", "shortcutPos": "I", "letters": [ "i", "I", "", "ï", "Ï" ], "capslock": true },
    { "pos": "O", "shortcutPos": "O", "letters": [ "o", "O", "", "ö", "Ö" ], "capslock": true },
    { "pos": "P", "shortcutPos": "P", "letters": [ "p", "P", "", "œ", "Œ" ], "capslock": true },
    { "pos": "[", "shortcutPos": "[", "letters": [ "[", "{", "\u001b", "«", "‹" ], "capslock": false },
    { "pos": "]", "shortcutPos": "]", "letters": [ "]", "}", "\u001d", "»", "›" ], "capslock": false },
    { "pos": "A", "shortcutPos": "A", "letters": [ "a", "A", "", "ä", "Ä" ], "capslock": true },
    { "pos": "S", "shortcutPos": "S", "letters": [ "s", "S", "", "ß", "ẞ" ], "capslock": true },
    { "pos": "D", "shortcutPos": "D", "letters": [ "d", "D", "", "ð", "Ð" ], "capslock": true },
    { "pos": "F", "shortcutPos": "F", "letters": [ "f", "F", "", "è", "È" ], "capslock": true },
    { "pos": "G", "shortcutPos": "G", "letters": [ "g", "G", "", "é", "É" ], "capslock": true },
    { "pos": "H", "shortcutPos": "H", "letters": [ "h", "H", "", "ù", "Ù" ], "capslock": true },
    { "pos": "J", "shortcutPos": "J", "letters": [ "j", "J", "", "ú", "Ú" ], "capslock": true },
    { "pos": "K", "shortcutPos": "K", "letters": [ "k", "K", "", "†", "‡" ], "capslock": true },
    { "pos": "L", "shortcutPos": "L", "letters": [ "l", "L", "", "ø", "Ø" ], "capslock": true },
    { "pos": ";", "shortcutPos": ";", "letters": [ ";", ":", "", "°", "·" ], "capslock": false },
    { "pos": "'", "shortcutPos": "'", "letters": [ "'", "\"", "", "cdk:´", "cdk:¨" ], "capslock": false },
    { "pos": "~", "shortcutPos": "~", "letters": [ "`", "~", "", "cdk:`", "cdk:~" ], "capslock": false },
    { "pos": "\\", "shortcutPos": "\\", "letters": [ "\\", "|", "\u001c", "cdk:¬", "¦" ], "capslock": false },
    { "pos": "Z", "shortcutPos": "Z", "letters": [ "z", "Z", "", "à", "À" ], "capslock": true },
    { "pos": "X", "shortcutPos": "X", "letters": [ "x", "X", "", "á", "Á" ], "capslock": true },
    { "pos": "C", "shortcutPos": "C", "letters": [ "c", "C", "", "ç", "Ç" ], "capslock": true },
    { "pos": "V", "shortcutPos": "V", "letters": [ "v", "V", "", "ì", "Ì" ], "capslock": true },
    { "pos": "B", "shortcutPos": "B", "letters": [ "b", "B", "", "í", "Í" ], "capslock": true },
    { "pos": "N", "shortcutPos": "N", "letters": [ "n", "N", "", "ñ", "Ñ" ], "capslock": true },
    { "pos": "M", "shortcutPos": "M", "letters": [ "m", "M", "", "cdk:α", "cdk:√" ], "capslock": true },
    { "pos": ",", "shortcutPos": ",", "letters": [ ",", "<", "", "ò", "Ò" ], "capslock": false },
    { "pos": ".", "shortcutPos": ".", "letters": [ ".", ">", "", "ó", "Ó" ], "capslock": false },
    { "pos": "/", "shortcutPos": "/", "letters": [ "/", "?", "", "¿", "…" ], "capslock": false },
    { "pos": "Space", "shortcutPos": "Space", "letters": [ " ", " ", " ", "", "" ], "capslock": false },
    { "pos": "Iso", "shortcutPos": "Iso", "letters": [ "\\", "|", "\u001c", "", "" ], "capslock": false },
    { "pos": "KP_Dec", "shortcutPos": "KP_Dec", "letters": [ ".", ",", "", ",", "," ], "capslock": false }
  ],
  "customDeadKeys": [
    {
      "name": "^",
      "baseChar": "^",
      "stringMap": [
        [ "a", "â" ],
        [ "A", "Â" ],
        [ "c", "ĉ" ],
        [ "C", "Ĉ" ],
        [ "e", "ê" ],
        [ "E", "Ê" ],
        [ "g", "ĝ" ],
        [ "G", "Ĝ" ],
        [ "h", "ĥ" ],
        [ "H", "Ĥ" ],
        [ "i", "î" ],
        [ "I", "Î" ],
        [ "j", "ĵ" ],
        [ "J", "Ĵ" ],
        [ "o", "ô" ],
        [ "O", "Ô" ],
        [ "s", "ŝ" ],
        [ "S", "Ŝ" ],
        [ "u", "û" ],
        [ "U", "Û" ],
        [ "w", "ŵ" ],
        [ "W", "Ŵ" ],
        [ "y", "ŷ" ],
        [ "Y", "Ŷ" ],
        [ " ", "^" ]
      ]
    },
    {
      "name": "ˇ",
      "baseChar": "ˇ",
      "stringMap": [
        [ "a", "ă" ],
        [ "A", "Ă" ],
        [ "ä", "ǎ" ],
        [ "Ä", "Ǎ" ],
        [ "c", "č" ],
        [ "C", "Č" ],
        [ "d", "ď" ],
        [ "D", "Ď" ],
        [ "e", "ĕ" ],
        [ "E", "Ĕ" ],
        [ "ë", "ě" ],
        [ "Ë", "Ě" ],
        [ "g", "ğ" ],
        [ "G", "Ğ" ],
        [ "é", "ǧ" ],
        [ "É", "Ǧ" ],
        [ "h", "ȟ" ],
        [ "H", "Ȟ" ],
        [ "i", "ĭ" ],
        [ "I", "Ĭ" ],
        [ "ï", "ǐ" ],
        [ "Ï", "Ǐ" ],
        [ "j", "ǰ" ],
        [ "k", "ǩ" ],
        [ "K", "Ǩ" ],
        [ "l", "ľ" ],
        [ "L", "Ľ" ],
        [ "n", "ň" ],
        [ "N", "Ň" ],
        [ "o", "ŏ" ],
        [ "O", "Ŏ" ],
        [ "ö", "ǒ" ],
        [ "Ö", "Ǒ" ],
        [ "r", "ř" ],
        [ "R", "Ř" ],
        [ "s", "š" ],
        [ "S", "Š" ],
        [ "t", "ť" ],
        [ "T", "Ť" ],
        [ "u", "ŭ" ],
        [ "U", "Ŭ" ],
        [ "ü", "ǔ" ],
        [ "Ü", "Ǔ" ],
        [ "z", "ž" ],
        [ "Z", "Ž" ],
        [ "3", "ʒ" ],
        [ "#", "Ʒ" ],
        [ "º", "ǯ" ],
        [ "³", "Ǯ" ],
        [ ".", "˘" ],
        [ " ", "ˇ" ]
      ]
    },
    {
      "name": "˚",
      "baseChar": "˚",
      "stringMap": [
        [ "a", "å" ],
        [ "A", "Å" ],
        [ "ä", "ȧ" ],
        [ "Ä", "Ȧ" ],
        [ "b", "ḃ" ],
        [ "B", "Ḃ" ],
        [ "c", "ċ" ],
        [ "C", "Ċ" ],
        [ "d", "ḋ" ],
        [ "D", "Ḋ" ],
        [ "e", "ė" ],
        [ "E", "Ė" ],
        [ "ë", "ȩ" ],
        [ "Ë", "Ȩ" ],
        [ "f", "ḟ" ],
        [ "F", "Ḟ" ],
        [ "g", "ġ" ],
        [ "G", "Ġ" ],
        [ "h", "ḣ" ],
        [ "H", "Ḣ" ],
        [ "i", "ı" ],
        [ "I", "İ" ],
        [ "l", "ℓ" ],
        [ "m", "ṁ" ],
        [ "M", "Ṁ" ],
        [ "n", "ṅ" ],
        [ "N", "Ṅ" ],
        [ "o", "ȯ" ],
        [ "O", "Ȯ" ],
        [ "p", "ṗ" ],
        [ "P", "Ṗ" ],
        [ "r", "ṙ" ],
        [ "R", "Ṙ" ],
        [ "s", "ș" ],
        [ "S", "Ș" ],
        [ "t", "ț" ],
        [ "T", "Ț" ],
        [ "u", "ů" ],
        [ "U", "Ů" ],
        [ "w", "ẘ" ],
        [ "x", "ẋ" ],
        [ "X", "Ẋ" ],
        [ "y", "ẙ" ],
        [ "z", "ż" ],
        [ "Z", "Ż" ],
        [ ".", "˙" ],
        [ " ", "˚" ]
      ]
    },
    {
      "name": "¯",
      "baseChar": "¯",
      "stringMap": [
        [ "a", "ā" ],
        [ "A", "Ā" ],
        [ "b", "ƀ" ],
        [ "B", "Ƀ" ],
        [ "d", "đ" ],
        [ "D", "Đ" ],
        [ "e", "ē" ],
        [ "E", "Ē" ],
        [ "h", "ħ" ],
        [ "H", "Ħ" ],
        [ "i", "ī" ],
        [ "I", "Ī" ],
        [ "l", "ḻ" ],
        [ "L", "Ḻ" ],
        [ "o", "ō" ],
        [ "O", "Ō" ],
        [ "t", "ŧ" ],
        [ "T", "Ŧ" ],
        [ "u", "ū" ],
        [ "U", "Ū" ],
        [ "y", "ȳ" ],
        [ "Y", "Ȳ" ],
        [ "1", "‐" ],
        [ "2", "–" ],
        [ "3", "—" ],
        [ " ", "¯" ]
      ]
    },
    {
      "name": "´",
      "baseChar": "´",
      "stringMap": [
        [ "a", "á" ],
        [ "A", "Á" ],
        [ "b", "ɓ" ],
        [ "B", "Ɓ" ],
        [ "c", "ć" ],
        [ "C", "Ć" ],
        [ "ç", "ḉ" ],
        [ "Ç", "Ḉ" ],
        [ "e", "é" ],
        [ "E", "É" ],
        [ "i", "í" ],
        [ "I", "Í" ],
        [ "g", "ǵ" ],
        [ "G", "Ǵ" ],
        [ "j", "ĳ" ],
        [ "J", "Ĳ" ],
        [ "k", "ḱ" ],
        [ "K", "Ḱ" ],
        [ "l", "ł" ],
        [ "L", "Ł" ],
        [ "m", "ḿ" ],
        [ "M", "Ḿ" ],
        [ "n", "ń" ],
        [ "N", "Ń" ],
        [ "o", "ó" ],
        [ "O", "Ó" ],
        [ "ö", "ő" ],
        [ "Ö", "Ő" ],
        [ "p", "ṕ" ],
        [ "P", "Ṕ" ],
        [ "r", "ŕ" ],
        [ "R", "Ŕ" ],
        [ "s", "ś" ],
        [ "S", "Ś" ],
        [ "u", "ú" ],
        [ "U", "Ú" ],
        [ "ü", "ű" ],
        [ "Ü", "Ű" ],
        [ "w", "ẃ" ],
        [ "W", "Ẃ" ],
        [ "y", "ý" ],
        [ "Y", "Ý" ],
        [ "z", "ź" ],
        [ "Z", "Ź" ],
        [ "æ", "ǽ" ],
        [ "Æ", "Ǽ" ],
        [ "ø", "ǿ" ],
        [ "Ø", "Ǿ" ],
        [ "œ", "ĺ" ],
        [ "Œ", "Ĺ" ],
        [ " ", "´" ]
      ]
    },
    {
      "name": "¨",
      "baseChar": "¨",
      "stringMap": [
        [ "a", "ä" ],
        [ "A", "Ä" ],
        [ "e", "ë" ],
        [ "E", "Ë" ],
        [ "h", "ḧ" ],
        [ "H", "Ḧ" ],
        [ "i", "ï" ],
        [ "I", "Ï" ],
        [ "o", "ö" ],
        [ "O", "Ö" ],
        [ "t", "ẗ" ],
        [ "u", "ü" ],
        [ "U", "Ü" ],
        [ "w", "ẅ" ],
        [ "W", "Ẅ" ],
        [ "x", "ẍ" ],
        [ "X", "Ẍ" ],
        [ "y", "ÿ" ],
        [ "Y", "Ÿ" ],
        [ " ", "¨" ]
      ]
    },
    {
      "name": "`",
      "baseChar": "`",
      "stringMap": [
        [ "a", "à" ],
        [ "A", "À" ],
        [ "ä", "ą" ],
        [ "Ä", "Ą" ],
        [ "c", "ç" ],
        [ "C", "Ç" ],
        [ "e", "è" ],
        [ "E", "È" ],
        [ "ë", "ę" ],
        [ "Ë", "Ę" ],
        [ "g", "ģ" ],
        [ "G", "Ģ" ],
        [ "h", "ḩ" ],
        [ "H", "Ḩ" ],
        [ "i", "ì" ],
        [ "I", "Ì" ],
        [ "ï", "į" ],
        [ "Ï", "Į" ],
        [ "k", "ķ" ],
        [ "K", "Ķ" ],
        [ "l", "ļ" ],
        [ "L", "Ļ" ],
        [ "n", "ņ" ],
        [ "N", "Ņ" ],
        [ "ñ", "ǹ" ],
        [ "Ñ", "Ǹ" ],
        [ "o", "ò" ],
        [ "O", "Ò" ],
        [ "ö", "ǫ" ],
        [ "Ö", "Ǫ" ],
        [ "r", "ŗ" ],
        [ "R", "Ŗ" ],
        [ "s", "ş" ],
        [ "S", "Ş" ],
        [ "t", "ţ" ],
        [ "T", "Ţ" ],
        [ "u", "ù" ],
        [ "U", "Ù" ],
        [ "ü", "ų" ],
        [ "Ü", "Ų" ],
        [ "w", "ẁ" ],
        [ "W", "Ẁ" ],
        [ " ", "`" ]
      ]
    },
    {
      "name": "~",
      "baseChar": "~",
      "stringMap": [
        [ "a", "ã" ],
        [ "A", "Ã" ],
        [ "e", "ẽ" ],
        [ "E", "Ẽ" ],
        [ "i", "ĩ" ],
        [ "I", "Ĩ" ],
        [ "n", "ñ" ],
        [ "N", "Ñ" ],
        [ "o", "õ" ],
        [ "O", "Õ" ],
        [ "u", "ũ" ],
        [ "U", "Ũ" ],
        [ "v", "ṽ" ],
        [ "V", "Ṽ" ],
        [ "y", "ỹ" ],
        [ "Y", "Ỹ" ],
        [ " ", "~" ]
      ]
    },
    {
      "name": "¬",
      "baseChar": "¬",
      "stringMap": [
        [ "q", "¶" ],
        [ "s", "§" ],
        [ "c", "©" ],
        [ "p", "℗" ],
        [ "r", "®" ],
        [ "t", "™" ],
        [ "T", "℠" ],
        [ "1", "№" ],
        [ "2", "½" ],
        [ "3", "⅓" ],
        [ "4", "¼" ],
        [ "5", "⅔" ],
        [ "6", "¾" ],
        [ "7", "⅛" ],
        [ "8", "⅜" ],
        [ "9", "⅝" ],
        [ "0", "⅞" ],
        [ "h", "←" ],
        [ "j", "↓" ],
        [ "k", "↑" ],
        [ "l", "→" ],
        [ "u", "↖" ],
        [ "n", "↙" ],
        [ "i", "↗" ],
        [ "m", "↘" ],
        [ "=", "↔" ],
        [ "H", "⇐" ],
        [ "J", "⇓" ],
        [ "K", "⇑" ],
        [ "L", "⇒" ],
        [ "U", "⇖" ],
        [ "N", "⇙" ],
        [ "I", "⇗" ],
        [ "M", "⇘" ],
        [ "+", "⇔" ],
        [ "a", "₦" ],
        [ "b", "₿" ],
        [ "C", "¤" ],
        [ "d", "₹" ],
        [ "e", "₤" ],
        [ "g", "₲" ],
        [ "P", "₱" ],
        [ "R", "₽" ],
        [ "w", "₩" ],
        [ " ", "¬" ]
      ]
    },
    {
      "name": "α",
      "baseChar": "α",
      "stringMap": [
        [ "a", "α" ],
        [ "A", "Α" ],
        [ "b", "β" ],
        [ "B", "Β" ],
        [ "v", "β" ],
        [ "V", "Β" ],
        [ "g", "γ" ],
        [ "G", "Γ" ],
        [ "d", "δ" ],
        [ "D", "Δ" ],
        [ "e", "ε" ],
        [ "E", "Ε" ],
        [ "z", "ζ" ],
        [ "Z", "Ζ" ],
        [ "i", "η" ],
        [ "I", "Η" ],
        [ "h", "θ" ],
        [ "H", "Θ" ],
        [ "j", "ι" ],
        [ "J", "Ι" ],
        [ "k", "κ" ],
        [ "K", "Κ" ],
        [ "l", "λ" ],
        [ "L", "Λ" ],
        [ "m", "µ" ],
        [ "M", "Μ" ],
        [ ",", "μ" ],
        [ "<", "Μ" ],
        [ "n", "ν" ],
        [ "N", "Ν" ],
        [ "x", "ξ" ],
        [ "X", "Ξ" ],
        [ "o", "ο" ],
        [ "O", "Ο" ],
        [ "p", "π" ],
        [ "P", "Π" ],
        [ "r", "ρ" ],
        [ "R", "Ρ" ],
        [ "s", "σ" ],
        [ "S", "Σ" ],
        [ ".", "ς" ],
        [ ">", "Σ" ],
        [ "t", "τ" ],
        [ "T", "Τ" ],
        [ "y", "υ" ],
        [ "Y", "Υ" ],
        [ "f", "φ" ],
        [ "F", "Φ" ],
        [ "c", "χ" ],
        [ "C", "Χ" ],
        [ "w", "ψ" ],
        [ "W", "Ψ" ],
        [ "q", "ω" ],
        [ "Q", "Ω" ],
        [ "u", "ω" ],
        [ "U", "Ω" ],
        [ "1", "¹" ],
        [ "2", "²" ],
        [ "3", "³" ],
        [ "4", "⁴" ],
        [ "5", "⁵" ],
        [ "6", "⁶" ],
        [ "7", "⁷" ],
        [ "8", "⁸" ],
        [ "9", "⁹" ],
        [ "0", "⁰" ],
        [ "-", "⁻" ],
        [ "=", "⁼" ],
        [ "+", "⁺" ],
        [ "[", "⁽" ],
        [ "]", "⁾" ],
        [ "!", "₁" ],
        [ "@", "₂" ],
        [ "#", "₃" ],
        [ "$", "₄" ],
        [ "%", "₅" ],
        [ "^", "₆" ],
        [ "&", "₇" ],
        [ "*", "₈" ],
        [ "(", "₉" ],
        [ ")", "₀" ],
        [ ";", "₋" ],
        [ "'", "₌" ],
        [ "\"", "₊" ],
        [ "{", "₍" ],
        [ "}", "₎" ],
        [ " ", "µ" ]
      ]
    },
    {
      "name": "√",
      "baseChar": "√",
      "stringMap": [
        [ "!", "≠" ],
        [ "~", "≈" ],
        [ "=", "≝" ],
        [ ">", "≥" ],
        [ "<", "≤" ],
        [ "-", "±" ],
        [ "i", "∞" ],
        [ "n", "ⁿ" ],
        [ "r", "√" ],
        [ "3", "∛" ],
        [ "4", "∜" ],
        [ "%", "‰" ],
        [ "f", "ƒ" ],
        [ "S", "∫" ],
        [ "'", "′" ],
        [ "\"", "″" ],
        [ "p", "∂" ],
        [ "d", "Δ" ],
        [ "D", "∇" ],
        [ "+", "⊕" ],
        [ "*", "⊗" ],
        [ "^", "℘" ],
        [ "s", "∩" ],
        [ "u", "∪" ],
        [ "U", "∖" ],
        [ "O", "∅" ],
        [ "g", "⊂" ],
        [ "G", "⊃" ],
        [ "h", "⊄" ],
        [ "H", "⊅" ],
        [ "b", "⊆" ],
        [ "B", "⊇" ],
        [ "m", "∈" ],
        [ "M", "∉" ],
        [ "k", "∋" ],
        [ "K", "∌" ],
        [ "A", "∀" ],
        [ "E", "∃" ],
        [ "X", "∄" ],
        [ "&", "∧" ],
        [ "|", "∨" ],
        [ "c", "∝" ],
        [ ".", "⋅" ],
        [ "o", "∘" ],
        [ ":", "∴" ],
        [ ";", "∵" ],
        [ "z", "↯" ],
        [ "F", "∎" ],
        [ "R", "ℝ" ],
        [ "C", "ℂ" ],
        [ "N", "ℕ" ],
        [ "P", "ℙ" ],
        [ "Q", "ℚ" ],
        [ "Z", "ℤ" ],
        [ "9", "∟" ],
        [ "8", "∠" ],
        [ "7", "∡" ],
        [ "l", "∥" ],
        [ "L", "∦" ],
        [ "t", "∑" ],
        [ " ", "√" ]
      ]
    }
  ]
}
